"0","library(tidyverse)"
"0","library(dplyr) #loaded this explicitly in addition to tidyverse on recommendation that sometimes pipe won't work with tidyversy loaded alone, although package is included with tidyverse."
"0","library(lubridate)"
"0","library(sf)"
"0","library(leaflet)"
"0","#library(ggiteam)"
"0","#library(package)"
"0","#library(kableExtra)"
"0","library(htmltools)"
"0","library(DT)"
"0","# Note quotes used in install of package below, becuase it otherwise would error and cannot be found and in RStudio packages list"
"0","#install.packages(""fmsb"")"
"0","library(fmsb)"
"0","library(viridis)"
"0","library(RColorBrewer)"
"0","library(ggplot2)"
